INSERT INTO public.categories (id, name)
VALUES (1, 'Fun facts'),
       (2, 'General'),
       (3, 'Technical');
INSERT INTO public.questions (id, difficulty, time_limit, title, attachment_id, category_id)
VALUES (1043385, 'MEDIUM', 30, 'What is the purpose of the "this" keyword in Java?', null, 3),
       (1043386, 'HARD', 60, 'What is the purpose of the "throw" keyword in Java?', null, 3),
       (1043387, 'EASY', 20, 'What is the purpose of the "default" keyword in Java?', null, 3),
       (1043388, 'HARD', 60, 'What is the purpose of the "instanceof" keyword in Java?', null, 3),
       (1043389, 'MEDIUM', 30, 'What is the purpose of the "throws" keyword in Java?', null, 3),
       (1043390, 'EASY', 20, 'Which planet is known as the "Red Planet"?', null, 1),
       (1043391, 'EASY', 30, 'What is the purpose of the "case" keyword in Java?', null, 3),
       (1043392, 'MEDIUM', 10, 'What is the smallest planet in our solar system?', null, 1),
       (1043393, 'EASY', 30, 'Who is the author of "Pride and Prejudice"?', null, 2),
       (1043394, 'EASY', 20, 'What is the highest mountain on Earth?', null, 1),
       (1043395, 'EASY', 30, 'Who painted the Mona Lisa?', null, 2),
       (1043396, 'EASY', 30, 'What is the purpose of the "default" keyword in Java?', null, 3),
       (1043397, 'MEDIUM', 30, 'What is the purpose of the "try" keyword in Java?', null, 3),
       (1043398, 'EASY', 30, 'What is the purpose of the "catch" keyword in Java?', null, 3),
       (1043399, 'MEDIUM', 30, 'What is the purpose of the "this" keyword in Java?', null, 3),
       (1043400, 'MEDIUM', 10, 'What is the world"s largest flower?', null, 1),
       (1043401, 'MEDIUM', 20, 'Which bird is known for its ability to imitate human sounds?', null, 1),
       (1043402, 'EASY', 20, 'What is the purpose of the "break" keyword in Java?', null, 3),
       (1043403, 'EASY', 20, 'What is the main ingredient in sushi?', null, 2),
       (1043404, 'MEDIUM', 30, 'Where is the city of Sydney located?', null, 2),
       (1043405, 'MEDIUM', 60, 'Which animal has the largest eyes in the animal kingdom?', null, 1),
       (1043406, 'EASY', 60, 'Where is the city of Rio de Janeiro located?', null, 2),
       (1043407, 'MEDIUM', 20, 'When was the Declaration of Independence signed?', null, 2),
       (1043408, 'HARD', 20, 'What is the purpose of the "void" keyword in Java?', null, 3),
       (1043409, 'HARD', 30, 'What is the purpose of the "do" keyword in Java?', null, 3),
       (1043410, 'HARD', 30, 'What is the purpose of the "new" keyword in Java?', null, 3),
       (1043411, 'HARD', 30, 'What is the deepest part of the ocean?', null, 1),
       (1043412, 'HARD', 30, 'Where is the Statue of Liberty located?', null, 2),
       (1043413, 'MEDIUM', 20, 'What is the purpose of the "throws" keyword in Java?', null, 3),
       (1043414, 'MEDIUM', 20, 'Who is the founder of Microsoft?', null, 2),
       (1043415, 'MEDIUM', 60, 'Who discovered gravity?', null, 2),
       (1043416, 'HARD', 10, 'Who was the first person to step on the moon?', null, 2),
       (1043417, 'MEDIUM', 30, 'Which is the only bird that can fly backward?', null, 1),
       (1043418, 'MEDIUM', 30, 'Where is the city of Tokyo located?', null, 2),
       (1043419, 'EASY', 30, 'What is the currency of Japan?', null, 2),
       (1043420, 'EASY', 20, 'What is the world"s longest river?', null, 1),
       (1043421, 'HARD', 30, 'What is the currency of Japan?', null, 2),
       (1043422, 'EASY', 60, 'Which mammal lays eggs?', null, 1),
       (1043423, 'MEDIUM', 60, 'What is the purpose of the "for" keyword in Java?', null, 3),
       (1043424, 'MEDIUM', 30, 'What is the national bird of the United States?', null, 1),
       (1043425, 'MEDIUM', 30, 'What is the world"s largest spider by leg span?', null, 1),
       (1043426, 'MEDIUM', 30, 'Which is the only snake that builds nests for its eggs?', null, 1),
       (1043427, 'EASY', 30, 'What is the world"s largest hot desert?', null, 1),
       (1043428, 'MEDIUM', 30, 'What is the purpose of the "for" keyword in Java?', null, 3),
       (1043429, 'HARD', 60, 'Who is the founder of Microsoft?', null, 2),
       (1043430, 'MEDIUM', 60, 'Who was the first woman to win a Nobel Prize?', null, 2),
       (1043431, 'MEDIUM', 20, 'Where is the Taj Mahal located?', null, 2),
       (1043432, 'HARD', 10, 'What is the capital of France?', null, 2),
       (1043433, 'HARD', 30, 'Who is the artist behind the painting "Starry Night"?', null, 2),
       (1043434, 'MEDIUM', 10, 'When did the Cold War end?', null, 2),
       (1043435, 'HARD', 20, 'When did the Cold War end?', null, 2),
       (1043436, 'MEDIUM', 30, 'What is the purpose of the "try" keyword in Java?', null, 3),
       (1043437, 'HARD', 30, 'Which planet is known as the "Red Planet"?', null, 1),
       (1043438, 'HARD', 10, 'How many continents are there?', null, 2),
       (1043439, 'MEDIUM', 30, 'When did the Renaissance period occur?', null, 2),
       (1043440, 'EASY', 30, 'What is the purpose of the "extends" keyword in Java?', null, 3),
       (1043441, 'MEDIUM', 30, 'What is the purpose of the "short" keyword in Java?', null, 3),
       (1043442, 'EASY', 30, 'What is the purpose of the "catch" keyword in Java?', null, 3),
       (1043443, 'HARD', 30, 'What is the world"s largest land animal?', null, 1),
       (1043444, 'HARD', 30, 'What is the purpose of the "goto" keyword in Java?', null, 3),
       (1043445, 'MEDIUM', 30, 'Which is the only mammal that can fly?', null, 1),
       (1043446, 'EASY', 30, 'What is the purpose of the "default" keyword in Java?', null, 3),
       (1043447, 'HARD', 60, 'How many players are there in a baseball team?', null, 2),
       (1043448, 'MEDIUM', 30, 'Who is the author of "To Kill a Mockingbird"?', null, 2),
       (1043449, 'HARD', 20, 'What is the purpose of the "char" keyword in Java?', null, 3),
       (1043450, 'HARD', 30, 'What is the purpose of the "null" keyword in Java?', null, 3),
       (1043451, 'EASY', 30, 'Where is the Taj Mahal located?', null, 2),
       (1043452, 'HARD', 60, 'What is the purpose of the "return" keyword in Java?', null, 3),
       (1043453, 'MEDIUM', 20, 'Which mammal lays eggs?', null, 1),
       (1043454, 'EASY', 60, 'What is the purpose of the "synchronized" keyword in Java?', null, 3),
       (1043455, 'EASY', 30, 'What is the purpose of the "public" keyword in Java?', null, 3),
       (1043456, 'MEDIUM', 20, 'What is the world"s largest hot desert?', null, 1),
       (1043457, 'EASY', 20, 'What is the purpose of the "float" keyword in Java?', null, 3),
       (1043458, 'EASY', 60, 'Which is the largest rodent in the world?', null, 1),
       (1043459, 'EASY', 30, 'What is the purpose of the "implements" keyword in Java?', null, 3),
       (1043460, 'HARD', 20, 'What is the smallest country in the world?', null, 1),
       (1043461, 'HARD', 60, 'What is the purpose of the "default" keyword in Java?', null, 3),
       (1043462, 'EASY', 30, 'What is the largest species of penguin?', null, 1),
       (1043463, 'EASY', 30, 'What is the driest place on Earth?', null, 1),
       (1043464, 'EASY', 20, 'What is the purpose of the "import" keyword in Java?', null, 3),
       (1043465, 'MEDIUM', 30, 'Who is the author of "Pride and Prejudice"?', null, 2),
       (1043466, 'EASY', 30, 'What is the highest mountain on Earth?', null, 1),
       (1043467, 'MEDIUM', 30, 'What is the purpose of the "transient" keyword in Java?', null, 3),
       (1043468, 'EASY', 60, 'Which planet is known as the Red Planet?', null, 2),
       (1043469, 'EASY', 20, 'What is the largest bird in the world?', null, 1),
       (1043470, 'MEDIUM', 20, 'Who was the first person to step on the moon?', null, 2),
       (1043471, 'HARD', 20, 'What is the purpose of the "synchronized" keyword in Java?', null, 3),
       (1043472, 'HARD', 30, 'What is the purpose of the "instanceof" keyword in Java?', null, 3),
       (1043473, 'MEDIUM', 30, 'What is the purpose of the "implements" keyword in Java?', null, 3),
       (1043474, 'HARD', 20, 'What is the purpose of the "const" keyword in Java?', null, 3),
       (1043475, 'HARD', 20, 'What is the largest planet in our solar system?', null, 2),
       (1043476, 'EASY', 30, 'When did the Industrial Revolution take place?', null, 2),
       (1043477, 'MEDIUM', 60, 'Which country is famous for the Colosseum?', null, 2),
       (1043478, 'EASY', 30, 'Who was the first person to step on the moon?', null, 2),
       (1043479, 'MEDIUM', 60, 'What is the purpose of the "return" keyword in Java?', null, 3),
       (1043480, 'MEDIUM', 60, 'Who is the Greek god of thunder?', null, 2),
       (1043481, 'EASY', 30, 'Where is the city of Tokyo located?', null, 2),
       (1043482, 'MEDIUM', 30, 'How many players are there in a soccer team?', null, 2),
       (1043483, 'HARD', 20, 'Which is the only continent without any reptiles?', null, 1),
       (1043484, 'MEDIUM', 20, 'What is the purpose of the "byte" keyword in Java?', null, 3),
       (1043485, 'MEDIUM', 60, 'What is the world"s longest river?', null, 1),
       (1043486, 'HARD', 30, 'What is the most abundant gas in the Earth"s atmosphere?', null, 1),
       (1043487, 'HARD', 30, 'How many bones are there in the human body?', null, 2),
       (1043488, 'MEDIUM', 30, 'Which country is home to the kangaroo?', null, 1),
       (1043489, 'MEDIUM', 30, 'What is the purpose of the "throw" keyword in Java?', null, 3),
       (1043490, 'MEDIUM', 30, 'Who is the author of "To Kill a Mockingbird"?', null, 2),
       (1043491, 'HARD', 20, 'What is the purpose of the "protected" keyword in Java?', null, 3),
       (1043492, 'EASY', 20, 'Which country is known for the Taj Mahal?', null, 2),
       (1043493, 'MEDIUM', 30, 'What is the purpose of the "return" keyword in Java?', null, 3),
       (1043494, 'MEDIUM', 20, 'How many bones are there in the human body?', null, 2),
       (1043495, 'HARD', 60, 'Which country is famous for the Colosseum?', null, 2),
       (1043496, 'MEDIUM', 60, 'What is the largest organ in the human body?', null, 1),
       (1043497, 'HARD', 60, 'Which bird has the largest wingspan?', null, 1),
       (1043498, 'HARD', 30, 'Who is the current President of the United States?', null, 2),
       (1043499, 'HARD', 30, 'What is the largest organ in the human body?', null, 1),
       (1043500, 'EASY', 60, 'What is the purpose of the "long" keyword in Java?', null, 3),
       (1043501, 'HARD', 30, 'What is the purpose of the "do" keyword in Java?', null, 3),
       (1043502, 'EASY', 20, 'Where is the city of Tokyo located?', null, 2),
       (1043503, 'MEDIUM', 20, 'Which is the only continent with no bees?', null, 1),
       (1043504, 'EASY', 30, 'What is the largest species of shark?', null, 1),
       (1043505, 'MEDIUM', 30, 'What is the tallest mountain in the world?', null, 2),
       (1043506, 'EASY', 60, 'What is the purpose of the "case" keyword in Java?', null, 3),
       (1043507, 'MEDIUM', 30, 'How many time zones are there in the world?', null, 2),
       (1043508, 'HARD', 30, 'How many colors are there in a rainbow?', null, 2),
       (1043509, 'EASY', 30, 'Which animal sleeps the most?', null, 1),
       (1043510, 'MEDIUM', 60, 'What is the world"s largest land animal?', null, 1),
       (1043511, 'HARD', 20, 'What is the purpose of the "assert" keyword in Java?', null, 3),
       (1043512, 'HARD', 20, 'What is the purpose of the "private" keyword in Java?', null, 3),
       (1043513, 'EASY', 30, 'What is the purpose of the "case" keyword in Java?', null, 3),
       (1043514, 'EASY', 30, 'Which animal is known for its ability to regenerate limbs?', null, 1),
       (1043515, 'EASY', 30, 'Where is the Eiffel Tower located?', null, 2),
       (1043516, 'MEDIUM', 20, 'Who is the founder of Microsoft?', null, 2),
       (1043517, 'MEDIUM', 30, 'When did the Renaissance period occur?', null, 2),
       (1043518, 'HARD', 30, 'Which is the fastest bird in level flight?', null, 1),
       (1043519, 'MEDIUM', 60, 'Which animal sleeps the most?', null, 1),
       (1043520, 'HARD', 30, 'When was the first modern Olympic Games held?', null, 2),
       (1043521, 'EASY', 60, 'What is the purpose of the "const" keyword in Java?', null, 3),
       (1043522, 'MEDIUM', 30, 'Which animal is known for its ability to camouflage?', null, 1),
       (1043523, 'MEDIUM', 30, 'Which animal can"t jump?', null, 1),
       (1043524, 'EASY', 30, 'Which planet is known as the Red Planet?', null, 2),
       (1043525, 'EASY', 30, 'Where is the city of Tokyo located?', null, 2),
       (1043526, 'MEDIUM', 30, 'Which is the only mammal capable of sustained flight?', null, 1),
       (1043527, 'MEDIUM', 30, 'Which bird is known for its ability to mimic human speech?', null, 1),
       (1043528, 'EASY', 30, 'What is the purpose of the "class" keyword in Java?', null, 3),
       (1043529, 'HARD', 30, 'What is the purpose of the "new" keyword in Java?', null, 3),
       (1043530, 'MEDIUM', 30, 'Which is the only continent without any reptiles?', null, 1),
       (1043531, 'MEDIUM', 10, 'What is the world"s largest island?', null, 1),
       (1043532, 'HARD', 30, 'What is the capital of France?', null, 2),
       (1043533, 'EASY', 60, 'Which is the only snake that builds nests for its eggs?', null, 1),
       (1043534, 'MEDIUM', 30, 'What is the purpose of the "instanceof" keyword in Java?', null, 3),
       (1043535, 'MEDIUM', 30, 'What is the purpose of the "break" keyword in Java?', null, 3),
       (1043536, 'EASY', 30, 'Who invented the telephone?', null, 2),
       (1043537, 'EASY', 30, 'What is the purpose of the "implements" keyword in Java?', null, 3),
       (1043538, 'EASY', 60, 'What is the purpose of the "null" keyword in Java?', null, 3),
       (1043539, 'MEDIUM', 60, 'Which animal can"t jump?', null, 1),
       (1043540, 'HARD', 60, 'What is the purpose of the "double" keyword in Java?', null, 3),
       (1043541, 'HARD', 30, 'What is the purpose of the "import" keyword in Java?', null, 3),
       (1043542, 'EASY', 30, 'What is the main ingredient in sushi?', null, 2),
       (1043543, 'EASY', 30, 'How many bones are there in the human body?', null, 2),
       (1043544, 'EASY', 60, 'What is the purpose of the "case" keyword in Java?', null, 3),
       (1043545, 'EASY', 60, 'What is the purpose of the "switch" keyword in Java?', null, 3),
       (1043546, 'HARD', 20, 'What is the purpose of the "this" keyword in Java?', null, 3),
       (1043547, 'MEDIUM', 60, 'Which animal has the longest tongue relative to body size?', null, 1),
       (1043548, 'MEDIUM', 60, 'What is the tallest mammal in the world?', null, 1),
       (1043549, 'HARD', 30, 'What is the purpose of the "continue" keyword in Java?', null, 3),
       (1043550, 'HARD', 30, 'What is the national sport of Canada?', null, 2),
       (1043551, 'EASY', 30, 'What is the purpose of the "throw" keyword in Java?', null, 3),
       (1043552, 'EASY', 30, 'What is the purpose of the "try" keyword in Java?', null, 3),
       (1043553, 'EASY', 30, 'What is the driest place on Earth?', null, 1),
       (1043554, 'EASY', 30, 'Which animal has the longest lifespan?', null, 1),
       (1043555, 'EASY', 10, 'What is the currency of Japan?', null, 2),
       (1043556, 'MEDIUM', 30, 'Which animal can"t jump?', null, 1),
       (1043557, 'MEDIUM', 60, 'Who is the founder of Microsoft?', null, 2),
       (1043558, 'HARD', 60, 'Where is the city of Sydney located?', null, 2),
       (1043559, 'HARD', 30, 'Which animal has the longest tongue relative to body size?', null, 1),
       (1043560, 'EASY', 30, 'Which is the only continent that exists in all four hemispheres?', null, 1),
       (1043561, 'EASY', 60, 'What is the largest living species of fish?', null, 1),
       (1043562, 'HARD', 30, 'What is the purpose of the "strictfp" keyword in Java?', null, 3),
       (1043563, 'MEDIUM', 30, 'What is the largest species of penguin?', null, 1),
       (1043564, 'MEDIUM', 30, 'What is the capital of France?', null, 2);
INSERT INTO public.answers (id, is_correct, text, question_id)
VALUES (9077, true, 'Used in switch statements to define a case.', 1043544),
       (9078, false, 'Used in if statements to define a case.', 1043544),
       (9079, false, 'Used to define a variable.', 1043544),
       (9080, false, 'Used to define a constant.', 1043544),
       (9081, true, 'Used to define a switch statement.', 1043545),
       (9082, false, 'Used to define an if statement.', 1043545),
       (9083, false, 'Used to define a loop.', 1043545),
       (9084, false, 'Used to define a method.', 1043545),
       (9085, true, 'Used to refer to the current object.', 1043546),
       (9086, false, 'Used to refer to the parent object.', 1043546),
       (9087, false, 'Used to refer to the child object.', 1043546),
       (9088, false, 'Used to refer to the sibling object.', 1043546),
       (9089, false, 'Giant Anteater', 1043547),
       (9090, false, 'Giraffe', 1043547),
       (9091, true, 'Chameleon', 1043547),
       (9092, false, 'Blue Whale', 1043547),
       (9093, true, 'Giraffe', 1043548),
       (9094, false, 'Elephant', 1043548),
       (9095, false, 'Gorilla', 1043548),
       (9096, false, 'Hippopotamus', 1043548),
       (9097, true, 'Used to skip the current iteration of a loop.', 1043549),
       (9098, false, 'Used to break a loop.', 1043549),
       (9099, false, 'Used to define a loop.', 1043549),
       (9100, false, 'Used to delete a loop.', 1043549),
       (9101, true, 'Ice Hockey', 1043550),
       (9102, false, 'Lacrosse', 1043550),
       (9103, false, 'Soccer', 1043550),
       (9104, false, 'Basketball', 1043550),
       (9105, true, 'Used to throw an exception.', 1043551),
       (9106, false, 'Used to catch an exception.', 1043551),
       (9107, false, 'Used to define an exception.', 1043551),
       (9108, false, 'Used to delete an exception.', 1043551),
       (9109, true, 'Used to define a try block.', 1043552),
       (9110, false, 'Used to define a catch block.', 1043552),
       (9111, false, 'Used to define a finally block.', 1043552),
       (9112, false, 'Used to define a throw block.', 1043552),
       (9113, true, 'Atacama Desert', 1043553),
       (9114, false, 'Sahara Desert', 1043553),
       (9115, false, 'Antarctica', 1043553),
       (9116, false, 'Gobi Desert', 1043553),
       (9117, false, 'Bowhead Whale', 1043554),
       (9118, true, 'Galapagos Tortoise', 1043554),
       (9119, false, 'Elephant', 1043554),
       (9120, false, 'Greenland Shark', 1043554),
       (9121, true, 'Yen', 1043555),
       (9122, false, 'Dollar', 1043555),
       (9123, false, 'Euro', 1043555),
       (9124, false, 'Pound', 1043555),
       (9125, true, 'Elephant', 1043556),
       (9126, false, 'Lion', 1043556),
       (9127, false, 'Giraffe', 1043556),
       (9128, false, 'Kangaroo', 1043556),
       (9129, true, 'Bill Gates', 1043557),
       (9130, false, 'Steve Jobs', 1043557),
       (9131, false, 'Mark Zuckerberg', 1043557),
       (9132, false, 'Larry Page', 1043557),
       (9133, true, 'Australia', 1043558),
       (9134, false, 'Canada', 1043558),
       (9135, false, 'USA', 1043558),
       (9136, false, 'New Zealand', 1043558),
       (9137, false, 'Giant Anteater', 1043559),
       (9138, false, 'Giraffe', 1043559),
       (9139, true, 'Chameleon', 1043559),
       (9140, false, 'Blue Whale', 1043559),
       (9141, false, 'Africa', 1043560),
       (9142, false, 'South America', 1043560),
       (9143, true, 'North America', 1043560),
       (9144, false, 'Europe', 1043560),
       (9145, true, 'Whale Shark', 1043561),
       (9146, false, 'Great White Shark', 1043561),
       (9147, false, 'Manta Ray', 1043561),
       (9148, false, 'Tiger Shark', 1043561),
       (9149, true, 'For classes and methods to ensure floating calculations', 1043562),
       (9150, false, 'For variables to ensure floating calculations', 1043562),
       (9151, false, 'For constants to ensure floating calculations', 1043562),
       (9152, false, 'For interfaces to ensure floating calculations', 1043562),
       (9153, true, 'Emperor Penguin', 1043563),
       (9154, false, 'Adelie Penguin', 1043563),
       (9155, false, 'King Penguin', 1043563),
       (9156, false, 'Gentoo Penguin', 1043563),
       (9157, true, 'Paris', 1043564),
       (9158, false, 'London', 1043564),
       (9159, false, 'Rome', 1043564),
       (9160, false, 'Berlin', 1043564),
       (8441, true, 'Used to refer to the current object.', 1043385),
       (8442, false, 'Used to refer to the parent object.', 1043385),
       (8443, false, 'Used to refer to the child object.', 1043385),
       (8444, false, 'Used to refer to the sibling object.', 1043385),
       (8445, true, 'Used to throw an exception.', 1043386),
       (8446, false, 'Used to catch an exception.', 1043386),
       (8447, false, 'Used to define an exception.', 1043386),
       (8448, false, 'Used to delete an exception.', 1043386),
       (8449, true, 'Used in switch statements to specify the default case.', 1043387),
       (8450, false, 'Used in if statements to specify the default case.', 1043387),
       (8451, false, 'Used to define a variable.', 1043387),
       (8452, false, 'Used to define a constant.', 1043387),
       (8453, true, 'Used to check if an object is an instance of a class.', 1043388),
       (8454, false, 'Used to create an instance of a class.', 1043388),
       (8455, false, 'Used to define an instance of a class.', 1043388),
       (8456, false, 'Used to delete an instance of a class.', 1043388),
       (8457, true, 'Used to declare an exception.', 1043389),
       (8458, false, 'Used to catch an exception.', 1043389),
       (8459, false, 'Used to define an exception.', 1043389),
       (8460, false, 'Used to delete an exception.', 1043389),
       (8461, true, 'Mars', 1043390),
       (8462, false, 'Saturn', 1043390),
       (8463, false, 'Venus', 1043390),
       (8464, false, 'Neptune', 1043390),
       (8465, true, 'Used in switch statements to define a case.', 1043391),
       (8466, false, 'Used in if statements to define a case.', 1043391),
       (8467, false, 'Used to define a variable.', 1043391),
       (8468, false, 'Used to define a constant.', 1043391),
       (8469, true, 'Mercury', 1043392),
       (8470, false, 'Venus', 1043392),
       (8471, false, 'Mars', 1043392),
       (8472, false, 'Neptune', 1043392),
       (8473, true, 'Jane Austen', 1043393),
       (8474, false, 'Charles Dickens', 1043393),
       (8475, false, 'Emily Brontë', 1043393),
       (8476, false, 'F. Scott Fitzgerald', 1043393),
       (8477, true, 'Mount Everest', 1043394),
       (8478, false, 'K2', 1043394),
       (8479, false, 'Kilimanjaro', 1043394),
       (8480, false, 'Matterhorn', 1043394),
       (8481, true, 'Leonardo da Vinci', 1043395),
       (8482, false, 'Pablo Picasso', 1043395),
       (8483, false, 'Vincent van Gogh', 1043395),
       (8484, false, 'Michelangelo', 1043395),
       (8485, true, 'Used in switch statements to specify the default case.', 1043396),
       (8486, false, 'Used in switch statements to specify the non-default case.', 1043396),
       (8487, false, 'Used to define a variable.', 1043396),
       (8488, false, 'Used to define a constant.', 1043396),
       (8489, true, 'Used to define a try block.', 1043397),
       (8490, false, 'Used to define a catch block.', 1043397),
       (8491, false, 'Used to define a finally block.', 1043397),
       (8492, false, 'Used to define a throw block.', 1043397),
       (8493, true, 'Used to define a catch block.', 1043398),
       (8494, false, 'Used to define a try block.', 1043398),
       (8495, false, 'Used to define a finally block.', 1043398),
       (8496, false, 'Used to define a throw block.', 1043398),
       (8497, true, 'Used to refer to the current object.', 1043399),
       (8498, false, 'Used to refer to the parent object.', 1043399),
       (8499, false, 'Used to refer to the child object.', 1043399),
       (8500, false, 'Used to refer to the sibling object.', 1043399),
       (8501, false, 'Rafflesia', 1043400),
       (8502, false, 'Sunflower', 1043400),
       (8503, false, 'Orchid', 1043400),
       (8504, true, 'Titan Arum', 1043400),
       (8505, true, 'Lyrebird', 1043401),
       (8506, false, 'Peacock', 1043401),
       (8507, false, 'Parrot', 1043401),
       (8508, false, 'Canary', 1043401),
       (8509, true, 'Used to break a loop or a switch statement.', 1043402),
       (8510, false, 'Used to continue a loop or a switch statement.', 1043402),
       (8511, false, 'Used to define a loop or a switch statement.', 1043402),
       (8512, false, 'Used to delete a loop or a switch statement.', 1043402),
       (8513, false, 'Fish', 1043403),
       (8514, true, 'Rice', 1043403),
       (8515, false, 'Seaweed', 1043403),
       (8516, false, 'Soy Sauce', 1043403),
       (8517, true, 'Australia', 1043404),
       (8518, false, 'Canada', 1043404),
       (8519, false, 'USA', 1043404),
       (8520, false, 'New Zealand', 1043404),
       (8521, false, 'Giant Squid', 1043405),
       (8522, false, 'Ostrich', 1043405),
       (8523, false, 'Elephant', 1043405),
       (8524, true, 'Colossal Squid', 1043405),
       (8525, true, 'Brazil', 1043406),
       (8526, false, 'Argentina', 1043406),
       (8527, false, 'Mexico', 1043406),
       (8528, false, 'Spain', 1043406),
       (8529, true, '1776', 1043407),
       (8530, false, '1789', 1043407),
       (8531, false, '1800', 1043407),
       (8532, false, '1812', 1043407),
       (8533, true, 'Used to define a method that does not return a value.', 1043408),
       (8534, false, 'Used to define a method that returns a value.', 1043408),
       (8535, false, 'Used to define a variable.', 1043408),
       (8536, false, 'Used to define a constant.', 1043408),
       (8537, true, 'Used to define a do-while loop.', 1043409),
       (8538, false, 'Used to define a while loop.', 1043409),
       (8539, false, 'Used to define a for loop.', 1043409),
       (8540, false, 'Used to define a switch statement.', 1043409),
       (8541, true, 'Used to create a new object.', 1043410),
       (8542, false, 'Used to delete an object.', 1043410),
       (8543, false, 'Used to define an object.', 1043410),
       (8544, false, 'Used to modify an object.', 1043410),
       (8545, false, 'Mariana Trench', 1043411),
       (8546, false, 'Kermadec Trench', 1043411),
       (8547, false, 'Tonga Trench', 1043411),
       (8548, true, 'Challenger Deep', 1043411),
       (8549, true, 'New York City, USA', 1043412),
       (8550, false, 'Paris, France', 1043412),
       (8551, false, 'London, England', 1043412),
       (8552, false, 'Sydney, Australia', 1043412),
       (8553, true, 'Used to declare an exception.', 1043413),
       (8554, false, 'Used to catch an exception.', 1043413),
       (8555, false, 'Used to define an exception.', 1043413),
       (8556, false, 'Used to delete an exception.', 1043413),
       (8557, true, 'Bill Gates', 1043414),
       (8558, false, 'Steve Jobs', 1043414),
       (8559, false, 'Mark Zuckerberg', 1043414),
       (8560, false, 'Larry Page', 1043414),
       (8561, true, 'Isaac Newton', 1043415),
       (8562, false, 'Albert Einstein', 1043415),
       (8563, false, 'Galileo Galilei', 1043415),
       (8564, false, 'Nikola Tesla', 1043415),
       (8565, true, 'Neil Armstrong', 1043416),
       (8566, false, 'Buzz Aldrin', 1043416),
       (8567, false, 'Yuri Gagarin', 1043416),
       (8568, false, 'John F. Kennedy', 1043416),
       (8569, true, 'Hummingbird', 1043417),
       (8570, false, 'Eagle', 1043417),
       (8571, false, 'Crow', 1043417),
       (8572, false, 'Ostrich', 1043417),
       (8573, true, 'Japan', 1043418),
       (8574, false, 'China', 1043418),
       (8575, false, 'India', 1043418),
       (8576, false, 'South Korea', 1043418),
       (8577, true, 'Yen', 1043419),
       (8578, false, 'Dollar', 1043419),
       (8579, false, 'Euro', 1043419),
       (8580, false, 'Pound', 1043419),
       (8581, true, 'Nile', 1043420),
       (8582, false, 'Amazon', 1043420),
       (8583, false, 'Mississippi', 1043420),
       (8584, false, 'Yangtze', 1043420),
       (8585, true, 'Yen', 1043421),
       (8586, false, 'Dollar', 1043421),
       (8587, false, 'Euro', 1043421),
       (8588, false, 'Pound', 1043421),
       (8589, true, 'Platypus', 1043422),
       (8590, false, 'Kangaroo', 1043422),
       (8591, false, 'Koala', 1043422),
       (8592, false, 'Echidna', 1043422),
       (8593, true, 'Used to define a for loop.', 1043423),
       (8594, false, 'Used to define a while loop.', 1043423),
       (8595, false, 'Used to define a do-while loop.', 1043423),
       (8596, false, 'Used to define a switch statement.', 1043423),
       (8597, true, 'Bald Eagle', 1043424),
       (8598, false, 'American Robin', 1043424),
       (8599, false, 'American Crow', 1043424),
       (8600, false, 'Wild Turkey', 1043424),
       (8601, true, 'Goliath Birdeater Tarantula', 1043425),
       (8602, false, 'Black Widow Spider', 1043425),
       (8603, false, 'Wolf Spider', 1043425),
       (8604, false, 'Huntsman Spider', 1043425),
       (8605, false, 'Python', 1043426),
       (8606, false, 'Cobra', 1043426),
       (8607, false, 'Rattlesnake', 1043426),
       (8608, true, 'Anaconda', 1043426),
       (8609, true, 'Sahara Desert', 1043427),
       (8610, false, 'Arabian Desert', 1043427),
       (8611, false, 'Gobi Desert', 1043427),
       (8612, false, 'Kalahari Desert', 1043427),
       (8613, true, 'Used to define a for loop.', 1043428),
       (8614, false, 'Used to define a while loop.', 1043428),
       (8615, false, 'Used to define a do-while loop.', 1043428),
       (8616, false, 'Used to define a switch statement.', 1043428),
       (8617, true, 'Bill Gates', 1043429),
       (8618, false, 'Steve Jobs', 1043429),
       (8619, false, 'Mark Zuckerberg', 1043429),
       (8620, false, 'Larry Page', 1043429),
       (8621, true, 'Marie Curie', 1043430),
       (8622, false, 'Rosalind Franklin', 1043430),
       (8623, false, 'Mother Teresa', 1043430),
       (8624, false, 'Malala Yousafzai', 1043430),
       (8625, true, 'India', 1043431),
       (8626, false, 'China', 1043431),
       (8627, false, 'Turkey', 1043431),
       (8628, false, 'Egypt', 1043431),
       (8629, true, 'Paris', 1043432),
       (8630, false, 'London', 1043432),
       (8631, false, 'Rome', 1043432),
       (8632, false, 'Berlin', 1043432),
       (8633, true, 'Vincent van Gogh', 1043433),
       (8634, false, 'Pablo Picasso', 1043433),
       (8635, false, 'Salvador Dalí', 1043433),
       (8636, false, 'Claude Monet', 1043433),
       (8637, true, '1990', 1043434),
       (8638, false, '1995', 1043434),
       (8639, false, '2000', 1043434),
       (8640, false, '2005', 1043434),
       (8641, true, '1990', 1043435),
       (8642, false, '1995', 1043435),
       (8643, false, '2000', 1043435),
       (8644, false, '2005', 1043435),
       (8645, true, 'Used to define a try block.', 1043436),
       (8646, false, 'Used to define a catch block.', 1043436),
       (8647, false, 'Used to define a finally block.', 1043436),
       (8648, false, 'Used to define a throw block.', 1043436),
       (8649, true, 'Mars', 1043437),
       (8650, false, 'Saturn', 1043437),
       (8651, false, 'Venus', 1043437),
       (8652, false, 'Neptune', 1043437),
       (8653, true, '7', 1043438),
       (8654, false, '5', 1043438),
       (8655, false, '6', 1043438),
       (8656, false, '8', 1043438),
       (8657, true, '14th-17th centuries', 1043439),
       (8658, false, '5th-8th centuries', 1043439),
       (8659, false, '18th-19th centuries', 1043439),
       (8660, false, '20th-21st centuries', 1043439),
       (8661, true, 'Used for inheritance.', 1043440),
       (8662, false, 'Used for encapsulation.', 1043440),
       (8663, false, 'Used for polymorphism.', 1043440),
       (8664, false, 'Used for abstraction.', 1043440),
       (8665, true, 'Used to define a short data type.', 1043441),
       (8666, false, 'Used to define a non-short data type.', 1043441),
       (8667, false, 'Used to define a method.', 1043441),
       (8668, false, 'Used to define a class.', 1043441),
       (8669, true, 'Used to define a catch block.', 1043442),
       (8670, false, 'Used to define a try block.', 1043442),
       (8671, false, 'Used to define a finally block.', 1043442),
       (8672, false, 'Used to define a throw block.', 1043442),
       (8673, true, 'African Elephant', 1043443),
       (8674, false, 'Giraffe', 1043443),
       (8675, false, 'Hippopotamus', 1043443),
       (8676, false, 'Polar Bear', 1043443),
       (8677, true, 'Used.', 1043444),
       (8678, false, 'Used to jump to a specific line of code.', 1043444),
       (8679, false, 'Used to define a variable.', 1043444),
       (8680, false, 'Used to define a constant.', 1043444),
       (8681, true, 'Bat', 1043445),
       (8682, false, 'Penguin', 1043445),
       (8683, false, 'Hummingbird', 1043445),
       (8684, false, 'Ostrich', 1043445),
       (8685, true, 'Used in switch statements to specify the default case.', 1043446),
       (8686, false, 'Used in switch statements to specify the non-default case.', 1043446),
       (8687, false, 'Used to define a variable.', 1043446),
       (8688, false, 'Used to define a constant.', 1043446),
       (8689, false, '9', 1043447),
       (8690, false, '11', 1043447),
       (8691, true, '10', 1043447),
       (8692, false, '12', 1043447),
       (8693, true, 'Harper Lee', 1043448),
       (8694, false, 'F. Scott Fitzgerald', 1043448),
       (8695, false, 'John Steinbeck', 1043448),
       (8696, false, 'George Orwell', 1043448),
       (8697, true, 'Used to define a char data type.', 1043449),
       (8698, false, 'Used to define a non-char data type.', 1043449),
       (8699, false, 'Used to define a method.', 1043449),
       (8700, false, 'Used to define a class.', 1043449),
       (8701, true, 'Used to represent a null value.', 1043450),
       (8702, false, 'Used to represent a non-null value.', 1043450),
       (8703, false, 'Used to define a variable.', 1043450),
       (8704, false, 'Used to define a constant.', 1043450),
       (8705, true, 'India', 1043451),
       (8706, false, 'China', 1043451),
       (8707, false, 'Turkey', 1043451),
       (8708, false, 'Egypt', 1043451),
       (8709, true, 'Used to return a value from a method.', 1043452),
       (8710, false, 'Used to define a method.', 1043452),
       (8711, false, 'Used to define a variable.', 1043452),
       (8712, false, 'Used to define a constant.', 1043452),
       (8713, true, 'Platypus', 1043453),
       (8714, false, 'Kangaroo', 1043453),
       (8715, false, 'Koala', 1043453),
       (8716, false, 'Echidna', 1043453),
       (8717, true, 'For methods and blocks', 1043454),
       (8718, false, 'For variables', 1043454),
       (8719, false, 'For constants', 1043454),
       (8720, false, 'For classes', 1043454),
       (8721, true, 'Used to define a public access modifier.', 1043455),
       (8722, false, 'Used to define a private access modifier.', 1043455),
       (8723, false, 'Used to define a protected access modifier.', 1043455),
       (8724, false, 'Used to define a default access modifier.', 1043455),
       (8725, true, 'Sahara Desert', 1043456),
       (8726, false, 'Arabian Desert', 1043456),
       (8727, false, 'Gobi Desert', 1043456),
       (8728, false, 'Kalahari Desert', 1043456),
       (8729, true, 'Used to define a float data type.', 1043457),
       (8730, false, 'Used to define a non-float data type.', 1043457),
       (8731, false, 'Used to define a method.', 1043457),
       (8732, false, 'Used to define a class.', 1043457),
       (8733, true, 'Capybara', 1043458),
       (8734, false, 'Beaver', 1043458),
       (8735, false, 'Rat', 1043458),
       (8736, false, 'Hamster', 1043458),
       (8737, true, 'Used to implement an interface.', 1043459),
       (8738, false, 'Used to extend a class.', 1043459),
       (8739, false, 'Used to define a method.', 1043459),
       (8740, false, 'Used to define a variable.', 1043459),
       (8741, true, 'Vatican City', 1043460),
       (8742, false, 'Monaco', 1043460),
       (8743, false, 'Maldives', 1043460),
       (8744, false, 'Nauru', 1043460),
       (8745, true, 'Used in switch statements to specify the default case.', 1043461),
       (8746, false, 'Used in if statements to specify the default case.', 1043461),
       (8747, false, 'Used to define a variable.', 1043461),
       (8748, false, 'Used to define a constant.', 1043461),
       (8749, true, 'Emperor Penguin', 1043462),
       (8750, false, 'Adelie Penguin', 1043462),
       (8751, false, 'King Penguin', 1043462),
       (8752, false, 'Gentoo Penguin', 1043462),
       (8753, true, 'Atacama Desert', 1043463),
       (8754, false, 'Sahara Desert', 1043463),
       (8755, false, 'Antarctica', 1043463),
       (8756, false, 'Gobi Desert', 1043463),
       (8757, true, 'Used to import a package or a class.', 1043464),
       (8758, false, 'Used to export a package or a class.', 1043464),
       (8759, false, 'Used to define a package or a class.', 1043464),
       (8760, false, 'Used to delete a package or a class.', 1043464),
       (8761, true, 'Jane Austen', 1043465),
       (8762, false, 'Charles Dickens', 1043465),
       (8763, false, 'Emily Brontë', 1043465),
       (8764, false, 'F. Scott Fitzgerald', 1043465),
       (8765, true, 'Mount Everest', 1043466),
       (8766, false, 'K2', 1043466),
       (8767, false, 'Kilimanjaro', 1043466),
       (8768, false, 'Matterhorn', 1043466),
       (8769, true, 'Used for variables that should not be serialized.', 1043467),
       (8770, false, 'Used for variables that should be serialized.', 1043467),
       (8771, false, 'Used for constants.', 1043467),
       (8772, false, 'Used for methods.', 1043467),
       (8773, false, 'Mars', 1043468),
       (8774, false, 'Jupiter', 1043468),
       (8775, false, 'Saturn', 1043468),
       (8776, true, 'Neptune', 1043468),
       (8777, false, 'Ostrich', 1043469),
       (8778, false, 'Peregrine Falcon', 1043469),
       (8779, false, 'Albatross', 1043469),
       (8780, true, 'Wandering Albatross', 1043469),
       (8781, true, 'Neil Armstrong', 1043470),
       (8782, false, 'Buzz Aldrin', 1043470),
       (8783, false, 'Yuri Gagarin', 1043470),
       (8784, false, 'John F. Kennedy', 1043470),
       (8785, true, 'For methods and blocks', 1043471),
       (8786, false, 'For variables', 1043471),
       (8787, false, 'For constants', 1043471),
       (8788, false, 'For classes', 1043471),
       (8789, true, 'Used to check if an object is an instance of a class.', 1043472),
       (8790, false, 'Used to create an instance of a class.', 1043472),
       (8791, false, 'Used to define an instance of a class.', 1043472),
       (8792, false, 'Used to delete an instance of a class.', 1043472),
       (8793, true, 'Used to implement an interface.', 1043473),
       (8794, false, 'Used to extend a class.', 1043473),
       (8795, false, 'Used to define a method.', 1043473),
       (8796, false, 'Used to define a variable.', 1043473),
       (8797, true, 'Used.', 1043474),
       (8798, false, 'Used to define a constant.', 1043474),
       (8799, false, 'Used to define a variable.', 1043474),
       (8800, false, 'Used to define a method.', 1043474),
       (8801, true, 'Jupiter', 1043475),
       (8802, false, 'Saturn', 1043475),
       (8803, false, 'Earth', 1043475),
       (8804, false, 'Mars', 1043475),
       (8805, true, '18th-19th centuries', 1043476),
       (8806, false, '14th-17th centuries', 1043476),
       (8807, false, '20th-21st centuries', 1043476),
       (8808, false, '16th-18th centuries', 1043476),
       (8809, true, 'Italy', 1043477),
       (8810, false, 'Greece', 1043477),
       (8811, false, 'Spain', 1043477),
       (8812, false, 'Egypt', 1043477),
       (8813, true, 'Neil Armstrong', 1043478),
       (8814, false, 'Buzz Aldrin', 1043478),
       (8815, false, 'Yuri Gagarin', 1043478),
       (8816, false, 'John F. Kennedy', 1043478),
       (8817, true, 'Used to return a value from a method.', 1043479),
       (8818, false, 'Used to define a method.', 1043479),
       (8819, false, 'Used to define a variable.', 1043479),
       (8820, false, 'Used to define a constant.', 1043479),
       (8821, true, 'Zeus', 1043480),
       (8822, false, 'Poseidon', 1043480),
       (8823, false, 'Hades', 1043480),
       (8824, false, 'Apollo', 1043480),
       (8825, true, 'Japan', 1043481),
       (8826, false, 'China', 1043481),
       (8827, false, 'India', 1043481),
       (8828, false, 'South Korea', 1043481),
       (8829, true, '11', 1043482),
       (8830, false, '10', 1043482),
       (8831, false, '9', 1043482),
       (8832, false, '12', 1043482),
       (8833, true, 'Antarctica', 1043483),
       (8834, false, 'South America', 1043483),
       (8835, false, 'Africa', 1043483),
       (8836, false, 'Asia', 1043483),
       (8837, true, 'Used to define a byte data type.', 1043484),
       (8838, false, 'Used to define a non-byte data type.', 1043484),
       (8839, false, 'Used to define a method.', 1043484),
       (8840, false, 'Used to define a class.', 1043484),
       (8841, true, 'Nile', 1043485),
       (8842, false, 'Amazon', 1043485),
       (8843, false, 'Mississippi', 1043485),
       (8844, false, 'Yangtze', 1043485),
       (8845, false, 'Nitrogen', 1043486),
       (8846, true, 'Oxygen', 1043486),
       (8847, false, 'Carbon Dioxide', 1043486),
       (8848, false, 'Hydrogen', 1043486),
       (8849, true, '206', 1043487),
       (8850, false, '212', 1043487),
       (8851, false, '200', 1043487),
       (8852, false, '214', 1043487),
       (8853, true, 'Australia', 1043488),
       (8854, false, 'Brazil', 1043488),
       (8855, false, 'South Africa', 1043488),
       (8856, false, 'India', 1043488),
       (8857, true, 'Used to throw an exception.', 1043489),
       (8858, false, 'Used to catch an exception.', 1043489),
       (8859, false, 'Used to define an exception.', 1043489),
       (8860, false, 'Used to delete an exception.', 1043489),
       (8861, true, 'Harper Lee', 1043490),
       (8862, false, 'F. Scott Fitzgerald', 1043490),
       (8863, false, 'John Steinbeck', 1043490),
       (8864, false, 'George Orwell', 1043490),
       (8865, true, 'Used to define a protected access modifier.', 1043491),
       (8866, false, 'Used to define a public access modifier.', 1043491),
       (8867, false, 'Used to define a private access modifier.', 1043491),
       (8868, false, 'Used to define a default access modifier.', 1043491),
       (8869, true, 'India', 1043492),
       (8870, false, 'China', 1043492),
       (8871, false, 'Turkey', 1043492),
       (8872, false, 'Iran', 1043492),
       (8873, true, 'Used to return a value from a method.', 1043493),
       (8874, false, 'Used to define a method.', 1043493),
       (8875, false, 'Used to define a variable.', 1043493),
       (8876, false, 'Used to define a constant.', 1043493),
       (8877, true, '206', 1043494),
       (8878, false, '212', 1043494),
       (8879, false, '200', 1043494),
       (8880, false, '214', 1043494),
       (8881, true, 'Italy', 1043495),
       (8882, false, 'Greece', 1043495),
       (8883, false, 'Spain', 1043495),
       (8884, false, 'Egypt', 1043495),
       (8885, true, 'Skin', 1043496),
       (8886, false, 'Heart', 1043496),
       (8887, false, 'Brain', 1043496),
       (8888, false, 'Liver', 1043496),
       (8889, true, 'Wandering Albatross', 1043497),
       (8890, false, 'American Bald Eagle', 1043497),
       (8891, false, 'California Condor', 1043497),
       (8892, false, 'Andean Condor', 1043497),
       (8893, true, 'Joe Biden', 1043498),
       (8894, false, 'Donald Trump', 1043498),
       (8895, false, 'Barack Obama', 1043498),
       (8896, false, 'Hillary Clinton', 1043498),
       (8897, false, 'Liver', 1043499),
       (8898, false, 'Heart', 1043499),
       (8899, true, 'Brain', 1043499),
       (8900, false, 'Skin', 1043499),
       (8901, true, 'Used to define a long data type.', 1043500),
       (8902, false, 'Used to define a non-long data type.', 1043500),
       (8903, false, 'Used to define a method.', 1043500),
       (8904, false, 'Used to define a class.', 1043500),
       (8905, true, 'Used to define a do-while loop.', 1043501),
       (8906, false, 'Used to define a while loop.', 1043501),
       (8907, false, 'Used to define a for loop.', 1043501),
       (8908, false, 'Used to define a switch statement.', 1043501),
       (8909, true, 'Japan', 1043502),
       (8910, false, 'China', 1043502),
       (8911, false, 'India', 1043502),
       (8912, false, 'South Korea', 1043502),
       (8913, false, 'Antarctica', 1043503),
       (8914, true, 'Africa', 1043503),
       (8915, false, 'Europe', 1043503),
       (8916, false, 'Australia', 1043503),
       (8917, true, 'Whale Shark', 1043504),
       (8918, false, 'Great White Shark', 1043504),
       (8919, false, 'Tiger Shark', 1043504),
       (8920, false, 'Hammerhead Shark', 1043504),
       (8921, true, 'Mount Everest', 1043505),
       (8922, false, 'K2', 1043505),
       (8923, false, 'Kilimanjaro', 1043505),
       (8924, false, 'Matterhorn', 1043505),
       (8925, true, 'Used in switch statements to define a case.', 1043506),
       (8926, false, 'Used in if statements to define a case.', 1043506),
       (8927, false, 'Used to define a variable.', 1043506),
       (8928, false, 'Used to define a constant.', 1043506),
       (8929, true, '24', 1043507),
       (8930, false, '12', 1043507),
       (8931, false, '6', 1043507),
       (8932, false, '36', 1043507),
       (8933, true, '7', 1043508),
       (8934, false, '6', 1043508),
       (8935, false, '8', 1043508),
       (8936, false, '5', 1043508),
       (8937, false, 'Koala', 1043509),
       (8938, true, 'Sloth', 1043509),
       (8939, false, 'Lion', 1043509),
       (8940, false, 'Bat', 1043509),
       (8941, true, 'African Elephant', 1043510),
       (8942, false, 'Giraffe', 1043510),
       (8943, false, 'Hippopotamus', 1043510),
       (8944, false, 'Polar Bear', 1043510),
       (8945, true, 'Used for debugging.', 1043511),
       (8946, false, 'Used for testing.', 1043511),
       (8947, false, 'Used for coding.', 1043511),
       (8948, false, 'Used for documenting.', 1043511),
       (8949, true, 'Used to define a private access modifier.', 1043512),
       (8950, false, 'Used to define a public access modifier.', 1043512),
       (8951, false, 'Used to define a protected access modifier.', 1043512),
       (8952, false, 'Used to define a default access modifier.', 1043512),
       (8953, true, 'Used in switch statements to define a case.', 1043513),
       (8954, false, 'Used in if statements to define a case.', 1043513),
       (8955, false, 'Used to define a variable.', 1043513),
       (8956, false, 'Used to define a constant.', 1043513),
       (8957, false, 'Marina Trench', 1043514),
       (8958, true, 'Mariana Trench', 1043514),
       (8959, false, 'Kermadec Trench', 1043514),
       (8960, false, 'Tonga Trench', 1043514),
       (8961, true, 'Paris, France', 1043515),
       (8962, false, 'Rome, Italy', 1043515),
       (8963, false, 'London, England', 1043515),
       (8964, false, 'New York City, USA', 1043515),
       (8965, true, 'Bill Gates', 1043516),
       (8966, false, 'Steve Jobs', 1043516),
       (8967, false, 'Mark Zuckerberg', 1043516),
       (8968, false, 'Larry Page', 1043516),
       (8969, true, '14th-17th centuries', 1043517),
       (8970, false, '5th-8th centuries', 1043517),
       (8971, false, '18th-19th centuries', 1043517),
       (8972, false, '20th-21st centuries', 1043517),
       (8973, true, 'Peregrine Falcon', 1043518),
       (8974, false, 'Golden Eagle', 1043518),
       (8975, false, 'Swift', 1043518),
       (8976, false, 'Albatross', 1043518),
       (8977, false, 'Koala', 1043519),
       (8978, true, 'Sloth', 1043519),
       (8979, false, 'Lion', 1043519),
       (8980, false, 'Bat', 1043519),
       (8981, true, '1896', 1043520),
       (8982, false, '1904', 1043520),
       (8983, false, '1920', 1043520),
       (8984, false, '1936', 1043520),
       (8985, true, 'Used.', 1043521),
       (8986, false, 'Used to define a constant.', 1043521),
       (8987, false, 'Used to define a variable.', 1043521),
       (8988, false, 'Used to define a method.', 1043521),
       (8989, true, 'Chameleon', 1043522),
       (8990, false, 'Cuttlefish', 1043522),
       (8991, false, 'Octopus', 1043522),
       (8992, false, 'Walking Stick Insect', 1043522),
       (8993, true, 'Elephant', 1043523),
       (8994, false, 'Lion', 1043523),
       (8995, false, 'Giraffe', 1043523),
       (8996, false, 'Kangaroo', 1043523),
       (8997, false, 'Mars', 1043524),
       (8998, false, 'Jupiter', 1043524),
       (8999, false, 'Saturn', 1043524),
       (9000, true, 'Neptune', 1043524),
       (9001, true, 'Japan', 1043525),
       (9002, false, 'China', 1043525),
       (9003, false, 'India', 1043525),
       (9004, false, 'South Korea', 1043525),
       (9005, true, 'Bat', 1043526),
       (9006, false, 'Hummingbird', 1043526),
       (9007, false, 'Eagle', 1043526),
       (9008, false, 'Ostrich', 1043526),
       (9009, true, 'Parrot', 1043527),
       (9010, false, 'Crow', 1043527),
       (9011, false, 'Hummingbird', 1043527),
       (9012, false, 'Myna', 1043527),
       (9013, true, 'Used to define a class.', 1043528),
       (9014, false, 'Used to define an interface.', 1043528),
       (9015, false, 'Used to define a method.', 1043528),
       (9016, false, 'Used to define a variable.', 1043528),
       (9017, true, 'Used to create a new object.', 1043529),
       (9018, false, 'Used to delete an object.', 1043529),
       (9019, false, 'Used to define an object.', 1043529),
       (9020, false, 'Used to modify an object.', 1043529),
       (9021, true, 'Antarctica', 1043530),
       (9022, false, 'South America', 1043530),
       (9023, false, 'Africa', 1043530),
       (9024, false, 'Asia', 1043530),
       (9025, true, 'Greenland', 1043531),
       (9026, false, 'Madagascar', 1043531),
       (9027, false, 'Australia', 1043531),
       (9028, false, 'New Guinea', 1043531),
       (9029, true, 'Paris', 1043532),
       (9030, false, 'London', 1043532),
       (9031, false, 'Rome', 1043532),
       (9032, false, 'Berlin', 1043532),
       (9033, false, 'Python', 1043533),
       (9034, false, 'Cobra', 1043533),
       (9035, false, 'Rattlesnake', 1043533),
       (9036, true, 'Anaconda', 1043533),
       (9037, true, 'Used to check if an object is an instance of a class.', 1043534),
       (9038, false, 'Used to create an instance of a class.', 1043534),
       (9039, false, 'Used to define an instance of a class.', 1043534),
       (9040, false, 'Used to delete an instance of a class.', 1043534),
       (9041, true, 'Used to break a loop or a switch statement.', 1043535),
       (9042, false, 'Used to continue a loop or a switch statement.', 1043535),
       (9043, false, 'Used to define a loop or a switch statement.', 1043535),
       (9044, false, 'Used to delete a loop or a switch statement.', 1043535),
       (9045, true, 'Alexander Graham Bell', 1043536),
       (9046, false, 'Thomas Edison', 1043536),
       (9047, false, 'Nikola Tesla', 1043536),
       (9048, false, 'Guglielmo Marconi', 1043536),
       (9049, true, 'Used to implement an interface.', 1043537),
       (9050, false, 'Used to extend a class.', 1043537),
       (9051, false, 'Used to define a method.', 1043537),
       (9052, false, 'Used to define a variable.', 1043537),
       (9053, true, 'Used to represent a null value.', 1043538),
       (9054, false, 'Used to represent a non-null value.', 1043538),
       (9055, false, 'Used to define a variable.', 1043538),
       (9056, false, 'Used to define a constant.', 1043538),
       (9057, true, 'Elephant', 1043539),
       (9058, false, 'Lion', 1043539),
       (9059, false, 'Giraffe', 1043539),
       (9060, false, 'Kangaroo', 1043539),
       (9061, true, 'Used to define a double data type.', 1043540),
       (9062, false, 'Used to define a non-double data type.', 1043540),
       (9063, false, 'Used to define a method.', 1043540),
       (9064, false, 'Used to define a class.', 1043540),
       (9065, true, 'Used to import a package or a class.', 1043541),
       (9066, false, 'Used to export a package or a class.', 1043541),
       (9067, false, 'Used to define a package or a class.', 1043541),
       (9068, false, 'Used to delete a package or a class.', 1043541),
       (9069, false, 'Fish', 1043542),
       (9070, true, 'Rice', 1043542),
       (9071, false, 'Seaweed', 1043542),
       (9072, false, 'Soy Sauce', 1043542),
       (9073, true, '206', 1043543),
       (9074, false, '212', 1043543),
       (9075, false, '200', 1043543),
       (9076, false, '214', 1043543);